technical_id,nurse_id,user_type,user_name
1,2732,NURSE,MADALINE SHOVE
2,2824,ANESTHESIA,JOVAN PLUMP
3,4081,NURSE,AMY TREAGER
4,651763,NURSE,BETSEY LIPSIE
5,651849,NURSE,FRANCINE HOCHSTATTER
6,651877,NURSE,MADONNA MARTA
7,653117,NURSE,CHERRI VITA
8,653208,NURSE,KEIRA NEBGEN
9,653567,TECH,PERLA ASARO
10,653855,NURSE,CORRINE DAVIES
11,653883,CNA,DARIO RAPSON
12,653884,NURSE,LENNIE VEROBA
13,653927,NURSE,ALAINE OGRODOWICZ
14,653928,NURSE,MARYLAND GILTON
15,653929,TECH,YOKO DROKE
16,653932,NURSEB,ALEJANDRINA GREER
17,653934,NURSE,CATHY BRINLEE
18,653935,NURSE,MONNIE FUGUA
19,653936,NURSEB,
20,653939,NURSEB,CONCETTA LISIUS
21,653941,NURSE,MARGURITE PLANCK
22,653942,NURSE,WINSTON GLADWIN
23,653944,NURSE,DENESE BORMUTH
24,653945,NURSE,CHARITA SYMORE
25,653946,NURSE,CLARETHA DALLMAN
26,653947,NURSE,WILLA STUBBE
27,653948,NURSE,CARROLL YEBOAH
28,653950,PHARMACSTA,GLADYS UJANO
29,653951,NURSEB,JANAY LAPOLLA
30,653952,NURSE,TONITA EISMONT
31,653955,NURSE,HERTA ALWINE
32,653956,NURSE,LUCILLA SZOT
33,653957,NURSE,SHAINA AGRESTI
34,653958,ANESTHESIA,SONG TIVAR
35,653960,NURSE,BRICE BAROLDY
36,653961,ANESTHESIA,HERSHEL EHRLE
37,653963,PHARMACSTA,KAM OKULA
38,653964,NURSE,ROMANA BEVINS
39,653965,NURSE,MI KAMAKEA
40,653967,NURSE,VINA SWIGGETT
41,653970,NURSE,ILANA THRAILKILL
42,653971,NURSE,CORINE BALBI
43,653973,NURSE,JOANIE MIDDLEMISS
44,653975,NURSE,GUSTAVO ABELAR
45,653976,NURSEB,BETHANN BAYON
46,653977,NURSE,MILTON RENS
47,653978,NURSE,ASHTON EVANSKY
48,653979,NURSE,FRANCISCO HIENS
49,653980,NURSE,MARLA BENTIVEGNA
50,653981,NURSE,LOUELLA OCRAN
51,653982,NURSE,LAKEISHA CREEHAN
52,653983,NURSE,LEKISHA ELIZONDO
53,653984,NURSE,TAWANDA PECORAINO
54,653985,NURSE,VANESSA SANCHIRICO
55,653987,NURSE,LOUISE HOST
56,653988,ANESTHESIA,JOLYN BARCLAY
57,653989,NURSE,LEEANNA RASH
58,653991,NURSE,CASEY NEAR
59,653992,NURSE,ROSELINE ISHIDA
60,653993,NURSE,TREY FRASCO
61,653994,NURSE,ANNETT TURICK
62,653995,NURSE,LAVINIA BRUMMER
63,653997,NURSE,MARGENE DALIN
64,653998,NURSE,MARVIN ELSBREE
65,653999,NURSE,DELMA REIDLER
66,654000,NURSE,GRACIA SMITHBERGER
67,654001,NURSE,CONCEPCION DOSCHER
68,654002,NURSE,TENA DANZER
69,654003,NURSEB,TENISHA REOPELL
70,654004,NURSE,MARGARETT VILLECUS
71,654006,ANESTHESIA,BETSEY STALLINS
72,654007,NURSE,CAMELLIA CLOWES
73,654008,NURSE,SIMON NORMOYLE
74,654009,NURSEB,LACY BOATWRIGHT
75,654011,ANESTHESIA,NICOLETTE LILLA
76,654012,NURSE,IRENE DEPIERRO
77,654014,NURSE,SHILA POON
78,654015,NURSE,MEE GUOAN
79,654017,NURSE,ELROY ECONOMIDES
80,654019,NURSE,ALEXIS LAUTENSCHLAGE
81,654020,NURSE,ROMONA GROSSETETE
82,654022,NURSEB,BEATRICE ANDY
83,654024,NURSE,MARTI SMIETANA
84,654025,NURSE,META STEINBACHER
85,654026,NURSE,ORALIA HUSAR
86,654027,NURSEB,HANA BISIGNANO
87,654028,NURSE,CHANELL POLLACCO
88,654030,NURSE,FAUSTO BEERLY
89,654031,NURSE,AUDRIE KORFF
90,654032,NURSE,SUZANN STOTESBERRY
91,654033,NURSE,MALVINA RUSEK
92,654034,NURSE,GISELE HOPFAUF
93,654035,NURSE,NOEL HARNS
94,654038,NURSE,FLORINE KARRELS
95,654039,NURSE,NAKISHA WILLOBY
96,654040,NURSE,JESENIA GRAVE
97,654041,NURSEB,ERNESTO KATCSMORAK
98,654043,NURSE,FARRAH SEBO
99,654044,NURSE,IZOLA EGGIMANN
100,654045,NURSE,THEDA RHINERSON
101,654046,NURSE,AUREA GALT
102,654047,NURSE,ROD LINGER
103,654048,NURSE,MOZELLE HELIE
104,654050,NURSE,TAMIKA WALDVOGEL
105,654051,NURSE,SONNY WIGNER
106,654052,NURSE,MINDI SLEET
107,654053,NURSE,STEFFANIE ROSSINI
108,654055,NURSEB,CHARLES ALLEMOND
109,654056,NURSE,MITZI TASSEY
110,654057,NURSE,MIRIAN MINOTT
111,654058,NURSE,JESSIE GOUTY
112,654060,NURSE,MADELEINE BOISSELLE
113,654061,NURSE,JOHNETTA TAQUE
114,654063,NURSE,CINDY CORNACCHIO
115,654064,NURSE,JERROD BLUMER
116,654066,NURSE,DORSEY GOULDING
117,654067,,DANNETTE POULTER
118,654070,NURSE,GERALYN FIELDMAN
119,654071,NURSE,YEE ZASSO
120,654072,NURSE,TATUM ALLINGER
121,654073,NURSE,LOUETTA LINDBECK
122,654074,NURSE,MARILU LUCKSOM
123,654075,ANESTHESIA,KATHARINA EVERHART
124,654076,NURSE,HOLLIS DUGMORE
125,654077,NURSE,COLEMAN COTTINGHAM
126,654078,NURSE,UNA CHATAMPAYA
127,654079,NURSE,MAUD SYPHER
128,654080,NURSE,LORETTE MORRIS
129,654081,NURSE,TRUDY MILMAN
130,654082,NURSE,HOSEA HULSEY
131,654083,NURSE,BIRGIT ACCETTA
132,654086,NURSE,KIM RODRIQUE
133,654088,ANESTHESIA,ANGLE MACKLIN
134,654089,NURSE,QIANA ROMBACH
135,654090,NURSE,HEIDE BELMORE
136,654091,NURSE,HAN HOUGE
137,654092,NURSE,ELLIOTT FEOLA
138,654093,NURSE,MARCELLA MATONAK
139,654094,NURSE,MYESHA CIERS
140,654095,NURSE,LEISHA GEESEY
141,654097,NURSE,TAMBRA RECHICHI
142,654098,NURSE,ELIZ MANGHANE
143,654099,NURSE,JACQUES SHAMBROOK
144,654100,NURSE,MOSHE KURTIS
145,654101,NURSE,TOMIKA JAZWA
146,654102,NURSE,MINDY SUET
147,654104,NURSE,LIZ TWOMEY
148,654105,NURSE,BRYAN FEATHERS
149,654106,NURSEB,TINA MUNA
150,654107,NURSE,THERSA OLAUGHLIN
151,654108,NURSEB,WYATT BUSKEY
152,654111,NURSE,EARLE SE
153,654112,NURSEB,VIOLET OLSHAN
154,654113,NURSEB,PIEDAD CROWL
155,654114,NURSE,JERALDINE WILLIFORD
156,654115,NURSEB,ELISA HEIDELBERGER
157,654116,NURSE,HOLLIS VANVEEN
158,654117,NURSE,JUDSON QUINNIE
159,654118,NURSE,ELLEN GUENTHUR
160,654119,NURSE,MICHAELA SLICER
161,654120,NURSE,DOMINIQUE DIEDERICHS
162,654121,NURSEB,FONDA SEAJACK
163,654122,NURSE,SHARMAINE YSLAS
164,654123,NURSE,JONELL THIBEDEAU
165,654124,NURSE,VALENTINA HILDENBRAND
166,654125,NURSE,DARIO GLICK
167,654126,NURSEB,MISS SHANE
168,654127,NURSE,MIREYA GARNICA
169,654128,NURSE,BARNEY OHORA
170,654129,NURSE,NANNETTE SLEIGHT
171,654130,NURSE,GRACIE LAMANTIA
172,654131,NURSE,KAY SHELBURN
173,654132,NURSE,DENESE BESEN
174,654134,NURSE,STANTON ANGELINE
175,654135,NURSE,GUADALUPE ASQUITH
176,654136,NURSE,HAI MANUELE
177,654137,NURSE,IVORY PROPHETT
178,654138,NURSE,ZORA ORT
179,654139,NURSE,MEGHAN GRIPPER
180,654140,NURSE,TONIE PASHA
181,654141,NURSE,ELDEN GEROULD
182,654142,NURSE,INGRID ELEDGE
183,654144,NURSE,FIDELA LUPOLD
184,654145,NURSE,JOSEFA AGOR
185,654146,NURSE,XUAN OFFENBERGER
186,654147,NURSE,GLENNIE HAYTON
187,654148,NURSE,EDRIS WOESTER
188,654149,NURSE,DELMAR FABOZZI
189,654150,NURSE,WILHEMINA DUPREY
190,654151,NURSE,COLENE HYRE
191,654152,NURSE,MIRA LAME
192,654153,NURSE,KARINE MCELVEEN
193,654154,NURSE,MELBA JAPAK
194,654155,NURSE,MARTA RYANT
195,654156,NURSE,PEG ROBATEAU
196,654157,NURSE,LESIA PARSH
197,654158,NURSE,BABARA MOSHO
198,654159,NURSE,ALBERTA MISKELLY
199,654160,NURSE,TOYA MACHUGA
200,654161,NURSE,KAYLEE DUGGER
201,654162,NURSE,KIT HAMBERLIN
202,654164,NURSE,DIEGO BRANDSTROM
203,654165,NURSE,LEANA KNAUB
204,654166,NURSE,CATHI FARACO
205,654167,NURSE,CYRUS TESSENDORF
206,654168,NURSE,STANFORD ORSINI
207,654169,NURSE,LANG CAPONE
208,654170,NURSE,MICHELL WATAH
209,654171,NURSE,LATINA BALDREE
210,654172,NURSE,CAMMY MICRONI
211,654173,NURSE,MELLISA COHOON
212,654174,NURSE,ORPHA DAKING
213,654175,NURSE,
214,654176,NURSE,ELLYN PRESTI
215,654177,NURSE,ELEANORA TOLLER
216,654178,NURSE,HUNTER VANDRESAR
217,654179,NURSE,MARLENE FIELY
218,654180,NURSE,CAMMY FREEDLE
219,654181,NURSE,BROOKS RITTER
220,654182,NURSE,CRISTOBAL AGULIAR
221,654183,NURSE,CRYSTA HANNEY
222,654184,NURSE,NORBERTO BURGAS
223,654185,NURSE,CHRISTEL GODOY
224,654186,NURSE,WESTON DUNDLOW
225,654188,NURSE,MONET BRETL
226,654189,NURSE,MARGARETTE SCHARICH
227,654190,NURSE,DEENA EASTERBROOKS
228,654191,NURSE,MAJOR LOCANTE
229,654192,NURSE,SHERMAN ROHS
230,654194,NURSE,SANDY ADDESSO
231,654196,NURSE,KATELYN LANDOLT
232,654197,NURSE,CHANDA ROSENSTOCK
233,654198,NURSE,LAURI REILLEY
234,654199,NURSEB,AHMAD MEASHEAW
235,654202,NURSE,LENARD COWAN
236,654203,NURSE,SILVANA ROEDL
237,654205,NURSE,FERN SHELTRA
238,654206,NURSE,SHERON RIDELL
239,654207,NURSE,RAYMOND BOULTER
240,654208,NURSE,ROBBIE DURETTE
241,654209,NURSE,JIM PASTANO
242,654210,NURSE,SARAH HUTCHINSON
243,654211,NURSE,LUCILA BOTTELLA
244,654212,NURSE,GARRY BULLOCK
245,654213,NURSE,GWENDA CHILDREE
246,654214,NURSE,CARLETTA HAYHURST
247,654215,NURSE,PARKER OUNSY
248,654216,NURSE,KATHEY BHOLA
249,654217,NURSE,DEVONA LAPRE
250,654218,NURSE,RICK PASQUALINO
251,654219,NURSE,COLUMBUS VANGELOS
252,654221,NURSE,DEETTA KAEO
253,654222,NURSE,YOLANDA MORTIMER
254,654223,NURSE,MARITZA GRESCO
255,654224,NURSE,CECILA MCPHIE
256,654225,NURSE,LOGAN SHUBROOKS
257,654226,NURSE,MINH GERACHE
258,654228,NURSE,HOLLEY ARAI
259,654232,NURSE,VICKEY VANDENBOSCH
260,654233,NURSE,WILFREDO MARRO
261,654234,NURSE,CORDELIA PRIVETTE
262,654235,NURSE,SHANAE SARNA
263,654236,NURSE,ONA CROYLE
264,654237,CNA,STEFANY ALOAN
265,654238,NURSE,REBBECA RIDDERHOFF
266,654239,NURSE,PATIENCE DOEDE
267,654240,NURSE,LUVENIA GANSEN
268,654241,NURSE,UN SEGERMAN
269,654243,NURSE,SHELLEY PINES
270,654246,ANESTHESIA,HAYWOOD BONG
271,654248,NURSE,NAOMI GUNSOLLEY
272,654250,PHARMACSTA,DELICIA APRUZZESE
273,654252,NURSE,VASHTI LOVFALD
274,654253,NURSE,FREDDIE ALLEMOND
275,654254,NURSE,YESSENIA FELDERMAN
276,654255,NURSE,JAE WESTLING
277,654257,NURSEB,STEFANI KNIER
278,654258,NURSEB,EVELIA DEPAUL
279,654260,NURSEB,IVEY LEVASSEUR
280,654261,NURSE,VERSIE ANTOINE
281,654263,ANESTHESIA,BRITANY NOVIKOFF
282,654264,NURSEB,DINA KISAK
283,654266,NURSE,CLEMENTE WILLMERT
284,654267,NURSEB,SHAMIKA LUONG
285,654268,ANESTHESIA,FRANCIE ODAM
286,654270,PHARMACSTA,ERIK BERTSCHY
287,654271,NURSE,JAMEY ARKONTAKY
288,654272,NURSE,DALTON EYER
289,654273,NURSE,HYO MALINCHALK
290,654274,NURSE,KATLYN KRAUSHAAR
291,654275,NURSE,NICKY MALIN
292,654276,PHARMACSTA,LISBETH DIDONATIS
293,654277,,SHILA GARFINKEL
294,654278,NURSE,ELVIA RANGITSCH
295,654279,ANESTHESIA,LITA NASER
296,654280,NURSE,CHARLETTE SCHIFF
297,654281,NURSE,ALIZA HAVER
298,654282,NURSE,LOVIE SOLITO
299,654283,ANESTHESIA,ZULA SARMENTO
300,654284,NURSE,LANITA VICKERSON
301,654285,NURSE,JOSEPHINE BUCHOLZ
302,654286,NURSE,ROMELIA ADESSO
303,654287,ANESTHESIA,CHERI ROHDE
304,654288,NURSE,HELENA CADELINA
305,654289,NURSE,KARA BOOKOUT
306,654290,NURSEB,CAROLYNE RELLER
307,654291,NURSE,VEDA CADMUS
308,654292,NURSE,NELLE HEDIGER
309,654293,NURSE,JACINTA CERNUTO
310,654294,NURSE   ,ELVIRA ZIC
311,654295,ANESTHESIA,NORMAN URQUIDI
312,654297,NURSE,VIRGIL SAKO
313,654299,NURSE,CHRISTY MUHLHAUSER
314,654300,NURSE,ROSELLE GOOLD
315,654301,NURSE,GENA ZIMIT
316,654302,PHARMACSTA,LAKEESHA KAPITULA
317,654303,NURSE,ELNA KNAPPE
318,654304,NURSE,RICARDA BRUNGARDT
319,654305,NURSE,MAURITA PEAY
320,654306,NURSE,MAIDA BRINKLEY
321,654307,NURSE,KENDA WESBY
322,654308,NURSE,MERIDITH VANDERGRIFT
323,654309,NURSE,CRISTA MCMEEL
324,654310,NURSE,LEONARDO BALTAZOR
325,654311,NURSE,CLARINE BLINT
326,654312,NURSE,KEVEN GOULDING
327,654313,NURSE,JUDY LANEAUX
328,654314,NURSE,JASMIN MAYMON
329,654315,NURSE,TEGAN ATTLES
330,654316,NURSE,JEFFRY FINKLESTEIN
331,654317,NURSE,LYNN WHELLER
332,654319,NURSE,COLENE RAGANS
333,654320,NURSE,ARNOLD KIRMER
334,654321,NURSE,LUKE CAMLIN
335,654322,NURSE,DELLA KEMICK
336,654324,NURSE,QUENTIN VOLO
337,654325,NURSE,SHENITA SCHAUER
338,654326,NURSE,FLORIDA HEURING
339,654327,NURSE,NICKI SIEBENTHAL
340,654329,NURSE,KAROLYN GENET
341,654330,NURSE,MERRI GONZALE
342,654332,NURSE,FREDDA MUMAW
343,654333,NURSE,JC TERRANO
344,654335,NURSE,LUCILE GUNYAN
345,654337,NURSE,LADY WHITLEY
346,654339,NURSE,EFREN UPHAM
347,654340,NURSE,TATUM CHINICK
348,654341,NURSE,ODILIA CUREAU
349,654342,NURSE,ETHELENE MCPEEK
350,654343,NURSE,RAMONA POBRE
351,654344,NURSE,DIONNA SLUTZKY
352,654345,NURSE,SHIRLY FERNSTAEDT
353,654346,NURSE,NELLA PIETROPAOLO
354,654347,NURSE,BEATA MAVRO
355,654348,NURSE,EDELMIRA PITCH
356,654349,NURSE,SUN SAUCER
357,654350,ANESTHESIA,ORPHA PRITZKER
358,654351,NURSE,MILLICENT GUYOTT
359,654353,ANESTHESIA,EMMA BRENTANO
360,654354,NURSE,ARCHIE DROWNE
361,654355,NURSE,JUNE MOSSBARGER
362,654356,NURSE,MARISSA BERTELSON
363,654358,NURSE,JULIAN KAHLE
364,654359,NURSE,WARD BOZOVICH
365,654360,NURSE,ABRAM HUND
366,654361,NURSE,ORVAL DUKER
367,654363,NURSE,REBECKA KAWAMOTO
368,654364,PHARMACSTA,JERE CASTILLEJA
369,654365,NURSE,JARRED KOSCINSKI
370,654366,NURSE,EBONY SHEILDS
371,654367,NURSE,ALISHA CHOCHREK
372,654368,NURSE,THANH BESER
373,654369,NURSE,TAWNA DELLAPAOLERA
374,654370,NURSE,TABETHA CHINETTI
375,654371,NURSE,TABITHA CHIODO
376,654372,NURSEB,DIRK RITTENBERRY
377,654373,NURSE,SIBYL DETAMORE
378,654374,NURSE,JIN ELEAM
379,654375,NURSE,ILEANA KOPECKY
380,654376,NURSE,DELORSE FERKOVICH
381,654377,NURSE,JOSH HORST
382,654378,NURSE,TRAN GHEEN
383,654379,NURSE,LASHUNDA DIGGINS
384,654380,NURSE,HAE STENGLE
385,654381,ANESTHESIA,GEOFFREY BIELBY
386,654382,NURSE,MAXIMINA DEMORANVILLE
387,654383,NURSE,ISAIAS LEY
388,654384,NURSE,HOLLIS BRUNOW
389,654386,NURSE,EBONI KNOLES
390,654388,NURSE,BRENDA SNOOKS
391,654389,ANESTHESIA,TOWANDA PROSPERIE
392,654390,NURSE,CLAUDE PATOUT
393,654391,NURSE,EMILIE MITHCELL
394,654392,NURSE,STEFFANIE TROTMAN
395,654393,PHARMACSTA,SHAUNTA ROGACKI
396,654395,NURSE,JOLENE CHAFFEY
397,654396,NURSE,PHYLICIA BROCE
398,654397,PHARMACSTA,EVERETTE GINGRAS
399,654398,NURSE,JOLYN MCGIBBON
400,654399,NURSE,PALMIRA VESTER
401,654400,NURSE,DIVINA KLAUSER
402,654401,NURSE,PATRICK HAMLEY
403,654402,NURSE,DORIAN GAINES
404,654403,NURSE,BABETTE CHANTLER
405,654405,NURSE,HALLIE DURPEE
406,654406,CNA,JEANIE DELGADILLO
407,654407,NURSE,SOL HOESING
408,654408,NURSE,CLEVELAND KNKNOWN
409,654409,NURSE,LATONYA VALLEJOS
410,654410,NURSE,AVRIL SUYDAM
411,654411,NURSE,ANNABELL DIPPOLITO
412,654412,NURSE,JEANETTE KOSTYK
413,654413,NURSE,DORIAN SANDEL
414,654414,NURSE,SHERRON CONANT
415,654415,CNA,WEI KRUML
416,654416,NURSE,DEDRA CANTONI
417,654417,NURSE,LANNIE POLHILL
418,654420,NURSE,JULENE HERSHAW
419,654422,NURSE,MINDI ROUSU
420,654423,NURSE,DELLA DESHA
421,654424,NURSE,ZITA PROSPAL
422,654425,NURSEB,ORVAL WITSELL
423,654426,NURSE,LOISE LAFOUNTAIN
424,654427,NURSE,DARA KAPPERMAN
425,654428,PHARMACSTA,JENNETTE CARVIN
426,654429,NURSE,BRETT CHAGOYA
427,654430,NURSE,MAXIMO NUSSBAUM
428,654431,NURSE,CARLENA GRISTEDE
429,654432,NURSE,CLAY DERWITSCH
430,654433,NURSE,KELLEY GUIGA
431,654435,NURSE   ,OZELLA SMIALOWSKI
432,654437,NURSE,ALISIA ISLEY
433,654438,NURSE,GEORGIANN JANKAUSKAS
434,654439,NURSE,LUCILLA CHAVARIN
435,654440,NURSE,ARLEAN MAMONE
436,654441,NURSE,MATHILDA SEGERSON
437,654442,NURSE,ELBA WORMACK
438,654444,NURSE,DALE BOHRMAN
439,654445,NURSE,NGOC BOLMAN
440,654446,NURSE,THURMAN ATAMANCZYK
441,654447,NURSE,DOROTHEA BOISSONEAULT
442,654448,ANESTHESIA,IRISH LAUSTER
443,654449,NURSE,MARYLOUISE AUKER
444,654452,NURSE,TORRIE PINKHAM
445,654453,NURSE,JANIECE OVERHOLTZER
446,654455,TECH,REYNALDO CUMENS
447,654456,CNA,LETA MANNIS
448,654457,CNA,ENEDINA PIMPLE
449,654458,NURSE,CIRA LUZI
450,654459,NURSE,BERNADETTE ZINNO
451,654460,CNA,KERRY MENEFIELD
452,654461,ANESTHESIA,COLLENE BAKKEN
453,654462,NURSE,BRONWYN MEDVED
454,654466,NURSE,CAROL WINGERD
455,654467,NURSE,KIMIKO MACKINNON
456,654468,NURSE,LASHAUN HURLEBAUS
457,654470,NURSE,SUMMER AYBAR
458,654471,NURSE,PASTY TATNALL
459,654472,NURSE,TAJUANA MAGISTRALE
460,654473,NURSEB,DANIELL MOBERG
461,654475,NURSE,SANTOS LINKER
462,654476,NURSE,VELVET KOCHEVAR
463,654477,NURSEB,HALLIE DORADO
464,654478,NURSE,CARI PALLAN
465,654479,NURSE,ESTELL NOVINGER
466,654480,NURSE,LELAH EVERHART
467,654481,NURSEB,CHERYL TAGG
468,654482,NURSE,DENYSE MUNYER
469,654484,NURSE,AHMED POPLAWSKI
470,654485,NURSE,KATINA AGOSTINO
471,654486,NURSE,DIANN MINNAERT
472,654487,NURSE,JULIET BEDNARCZYK
473,654488,NURSE,ALVA MERTON
474,654491,NURSE,JEFFERSON MORMINO
475,654492,NURSE,CHRISTOPHER SIMSER
476,654493,NURSE,OLETA WENDLAND
477,654494,NURSE,RAFAEL GETZLAFF
478,654495,NURSE,SHAQUITA VANHOWE
479,654496,NURSE,LIANE MERKLIN
480,654497,NURSE,KURTIS HENKES
481,654498,NURSE,BRITTANEY KALL
482,654500,NURSE,AMBROSE GEORGOPOULOS
483,654501,NURSE,LAVON KEGERRIES
484,654502,NURSE,TRENA RANDOL
485,654503,NURSE,LEO KALLEVIG
486,654504,NURSE,REBA ANTWI
487,654506,NURSE,ROSALINE JOU
488,654507,NURSE,CRISTINE BRAYMAN
489,654508,NURSE,CARMELA LOWRIE
490,654509,NURSE,CLAUDETTE WIESEL
491,654510,NURSE,NATHANAEL LIDDER
492,654511,NURSE,RHEBA BOHLEY
493,654512,NURSE,SORAYA CHAPELL
494,654513,NURSE,MANDIE MEGGERSON
495,654514,NURSE,EDELMIRA SHARPS
496,654515,NURSE,CLEOPATRA LEYLAND
497,654516,NURSE,LURA DICARO
498,654517,NURSE,KIERSTEN ROSCOE
499,654520,NURSE,RAFAEL INGWELL
500,654521,NURSE,CHRISTAL SPRITZER
501,654522,NURSE,ANNA BULTEMA
502,654523,NURSE,KIA CAMARERO
503,654524,NURSE,TIANA TUNBY
504,654525,NURSE,TAMAR GILLIAND
505,654527,NURSE,VERLA BARCO
506,654528,NURSE,JONNIE DUCHNOWSKI
507,654529,NURSE,KASHA PIRIEDA
508,654530,NURSE,STANTON HATT
509,654531,NURSE,CHAYA TIESZEN
510,654532,NURSE,FARAH CHRISPEN
511,654533,NURSE,LYNETTA SINOR
512,654534,NURSE,ELAINA BOWLING
513,654535,NURSE,WINFRED VANDERPLOEG
514,654536,ANESTHESIA,SIBYL KIMMINAU
515,654537,NURSEB,ROBBIE NAHHAS
516,654539,NURSE,NOELIA KIENER
517,654540,ANESTHESIA,TONEY RUSHMAN
518,654542,NURSEB,ARMANDA MOWAN
519,654543,NURSE,DEONNA PASSARO
520,654544,NURSE,NATACHA DULAY
521,654545,NURSEB,EDEN WOOLEMS
522,654546,NURSE,TOMASA RICHARDS
523,654547,NURSEB,HILARY BIA
524,654548,NURSEB,ETHA COUVERTIER
525,654549,NURSEB,TOSHIKO DEMRY
526,654550,NURSE,RANDAL SHINSEL
527,654551,NURSE,MURIEL BLACIO
528,654552,NURSE,RHODA DECHAMBEAU
529,654553,NURSEB,LISABETH MURANAKA
530,654554,NURSE,ISIDRA LYNDE
531,654555,NURSE,TERRY MCANALLEN
532,654556,NURSE,BLANCH STOESSEL
533,654557,NURSE,ESTELA ZUCKERBERG
534,654558,NURSE,VERLINE MOUDRY
535,654559,NURSE,FREDIA MOYNIHAN
536,654560,NURSE,DEANGELO KINSLAND
537,654561,NURSE,ELMIRA SALLAZ
538,654562,NURSE,HEIDI WASHING
539,654563,NURSE,DIRK FAUS
540,654565,NURSE,DERRICK CHADDOCK
541,654568,NURSE,NICKY MOYLAN
542,654569,NURSE,JOANNA ASA
543,654571,NURSE,ALVINA LUSCOMBE
544,654572,NURSE,MEGHANN GUDERIAN
545,654573,NURSE,PENNI ABEITA
546,654574,NURSE,MYRTA TERBOSS
547,654575,NURSE,CARMEN COTMAN
548,654576,NURSE,BRITTENY MACABEO
549,654577,NURSE,PATRICA FIELY
550,654578,NURSE,JANENE MUSKA
551,654579,NURSE,MACKENZIE WINTERLING
552,654580,NURSE,IVEY FORCIER
553,654581,NURSE,SU MAURICE
554,654582,NURSE,DARCIE DEVAZIER
555,654583,NURSE,GRACE THRUMAN
556,654585,NURSE,SHIRL ROMANIELLO
557,654586,NURSE,KITTIE PEPPER
558,654587,NURSE,PRISCILLA WHELER
559,654588,NURSE,PAZ MCVEIGH
560,654590,NURSE,ROSIO GWIRTZ
561,654591,NURSE,MODESTA GANOE
562,654592,NURSE,HAYDEE MCHALE
563,654593,NURSE,LEEANNA HOUSKA
564,654594,NURSE,TAMISHA HAZLEWOOD
565,654595,NURSE,DESIRAE ERIQUEZ
566,654597,NURSE,ARTIE HARWARD
567,654599,NURSE,EVERETTE ENGBERSON
568,654600,NURSE,GRACIELA RODRIGEZ
569,654601,NURSE,RASHIDA NAGTALON
570,654602,NURSE,CATHERIN FIERO
571,654603,NURSE,MAGDA MESI
572,654604,PHARMACSTA,BRITTNY KIRKLING
573,654606,NURSE,SANFORD MOLLEDA
574,654607,NURSE,ANDRA LAHIP
575,654608,NURSE,DORTHA DAVISE
576,654609,ANESTHESIA,URSULA TRUELUCK
577,654611,PHARMACSTA,TOSHIA LYNN
578,654612,NURSE,DENICE NOLLET
579,654615,NURSE,WARNER BARRAGAN
580,654617,NURSE,FALLON ZINGER
581,654618,NURSE,KACEY WOJCIK
582,654619,NURSE,KIRBY ISBISTER
583,654620,NURSE,VAL PAPAKOSTAS
584,654621,PHARMACSTA,KELLIE WOLVIN
585,654622,NURSE,BILLYE STOCKON
586,654623,NURSE,WENDELL DEVAUX
587,654625,NURSE,MAGDA FENTI
588,654626,NURSE,ANNABELLE YELVINGTON
589,654627,NURSE,ROZANNE ANGELO
590,654628,NURSE,CLARA KOCIAN
591,654629,NURSE,CAROLA NEISS
592,654630,NURSEB,DARIN SCORDINO
593,654631,NURSE,ANGELIQUE WIEGMANN
594,654632,NURSE,SIMONA JUNIEL
595,654633,NURSE,COLEEN KRABBE
596,654634,NURSE,ADRIA NABER
597,654636,NURSE,BRITTANI KATT
598,654637,NURSE,KIMBERLEY DISCENZA
599,654640,CNA,TRACEY MOEHN
600,654641,NURSE,LEILANI OLALDE
601,654642,ANESTHESIA,TEODORA ARSLANIAN
602,654644,NURSE,CAREN KUBIK
603,654646,NURSE,OTILIA DAMBROSE
604,654647,NURSE,CHERE MILLHISER
605,654648,NURSE,ZOFIA BOREEN
606,654650,NURSE,LATASHA DUNKLEBERGER
607,654651,NURSE,MICHELL BOAN
608,654654,NURSE,KAYE DISSINGER
609,654655,NURSE,LEOTA KIVIOJA
610,654656,ANESTHESIA,PATTI PALLET
611,654658,NURSE,CHRISTIA HOSE
612,654660,NURSE,LANI PANSULLO
613,654661,NURSEB,DARON ILLIG
614,654665,NURSE,EPIFANIA KECKLER
615,654666,NURSE,BELLA COVENTON
616,654667,NURSE,PARTICIA BURRELLI
617,654668,NURSE,WARREN DEBARTOLO
618,654669,NURSE,GABRIEL MCWILLIAM
619,654670,NURSE,ELIANA NUFFER
620,654671,NURSE,JEWELL BOYERS
621,654672,NURSE,ROLANDE STRELECKI
622,654674,NURSE,LATICIA FVENTES
623,654675,NURSE,DOMINGA SARNOSKY
624,654676,NURSE,VIOLET ZEVALLOS
625,654677,NURSE,ARNOLDO SWEAREGENE
626,654678,NURSE,MARTIN DEIMUND
627,654679,NURSE,KEELY MCFAUL
628,654681,NURSE,CONTESSA BEREY
629,654682,NURSE,CHARLETTE CHEAN
630,654683,NURSE,SUE OSBERG
631,654684,NURSE,CASANDRA OLDENKAMP
632,654685,NURSE,LARHONDA MONNINGER
633,654688,NURSE,CLIFF LACHAPPELLE
634,654689,NURSE,JOSEFINA KOSA
635,654690,NURSE,FAUSTINO PORE
636,654691,NURSE,EVELYN HORSMAN
637,654694,NURSE,JERE JANOSIK
638,654696,NURSE,AGNUS KOLIKAS
639,654697,NURSE,CASSI FAGNONI
640,654698,NURSE,EFRAIN PENNEY
641,654699,NURSE,GRISELDA KMIOTEK
642,654700,NURSE,SHEMIKA MOHSIN
643,654701,NURSE,LELA JUGO
644,654702,NURSE,JULISSA ALTSHULER
645,654703,NURSE,MELODY PONTE
646,654705,NURSE,LIA ABINGTON
647,654706,NURSE,XIAO NETTERVILLE
648,654707,NURSE,VON DANCZAK
649,654708,NURSE,TESS PAYSEUR
650,654709,NURSE,MASAKO CATUS
651,654710,NURSE,ELIDIA OGILVIE
652,654711,NURSE,CLARITA PINGEL
653,654712,NURSE,RENITA TYRIE
654,654714,NURSE,NORIKO FEUER
655,654715,NURSE,CHANELL SCHMIER
656,654716,NURSE,VERGIE BEAUDET
657,654717,NURSE,LEONARDA GOVERT
658,654718,NURSE,EVIA STINESPRING
659,654719,NURSE,NAKISHA ZRIMSEK
660,654720,NURSE,DAGNY NOLET
661,654721,NURSE,GLENDA MENTION
662,654723,NURSEB,REINA EBERLY
663,654724,ANESTHESIA,JESSIKA ALMAGUER
664,654725,NURSE,CORRIE HODAPP
665,654726,NURSE,NICKI CAMPOLONGO
666,654728,NURSE,JULISSA LAPRADD
667,654729,NURSE,BLANCA ROSCOW
668,654730,CNA,HERLINDA DESREVISSEAU
669,654731,NURSE,BRETT ANDRADES
670,654732,NURSE,CRISTIN WOLANIN
671,654735,NURSE,ARMANDO CHRITTON
672,654736,NURSE,BENTON BENBENEK
673,654737,NURSE,DEVORA MULKERIN
674,654738,NURSE,SHANEKA PENNINGTON
675,654739,NURSE,BETHANY WABASHA
676,654744,NURSE,LISSETTE BENZSCHAWEL
677,654748,NURSE,TAREN REITH
678,654749,NURSE,KELI ECKLAR
679,654750,NURSE,LISETTE KUJATH
680,654751,NURSE,JENNINE DUPREE
681,654752,NURSE,CASSANDRA LOMMEL
682,654753,NURSE,DORTHY GALVIN
683,654754,NURSE,PEARLENE AUZSTON
684,654755,NURSEB,RANAE DRAPKIN
685,654756,NURSE,YASMINE HAPTONSTALL
686,654758,NURSE,MAXINE KESS
687,654760,NURSE,TIM MOYET
688,654761,NURSE,OCTAVIO ORTIS
689,654762,ANESTHESIA,DONA TUMBLESTON
690,654763,NURSE,THEO RUYES
691,654764,NURSE,MARINDA GANGE
692,654765,NURSE,NIDIA TUFF
693,654767,NURSE,ANJANETTE LUEVANO
694,654768,NURSE,HIROKO GRACELY
695,654769,NURSE,JENNA INMON
696,654771,NURSE,MAYE HALMICK
697,654772,NURSE,RUTHIE MARTINEAU
698,654775,NURSE,JEANNETTE TEED
699,654776,NURSE,BERTA DICKSTEIN
700,654777,NURSE,MATT BETIT
701,654778,NURSE,HARLEY HUDDY
702,654779,CNA,SHERRELL RIDES
703,654780,NURSE,BILLY YAZZIE
704,654781,CNA,THAO AHERN
705,654783,NURSEB,WARNER MARBERRY
706,654785,NURSE,TAMAR APLINGTON
707,654786,NURSE,TIANA BARENTINE
708,654787,NURSE,DEBI MCGARRIGLE
709,654789,NURSE,RENEA CHERNOSKY
710,654790,NURSE,EHTEL GRADIAS
711,654791,NURSE,JESSICA GOOLESBY
712,654792,NURSE,CRISTIN HUMETEWA
713,654794,NURSE,ELISSA HALWOOD
714,654795,NURSE,MIRTHA MARTINSON
715,654796,NURSE,ROSLYN SALYERS
716,654798,NURSE,JERRI BOUDREAUX
717,654799,NURSE,JANISE FORRISTER
718,654800,NURSE,CHARLSIE BONEY
719,654801,NURSE,ANGLE KOFA
720,654802,NURSE,OTTO CARMANY
721,654803,NURSEB,NORMAN LENZA
722,654804,NURSE,WANETA SMELSER
723,654805,NURSE,JAYNE PFLIEGER
724,654806,NURSE,SUSANNE CHARVAT
725,654807,NURSE,GLENNA SUNDERMAN
726,654810,NURSE,CHERISH STANDERFER
727,654811,NURSE,TINISHA LAPAGLIA
728,654812,NURSE,VIRGIE ALLERMAN
729,654813,NURSE,ERLENE CALOCA
730,654814,NURSEB,SAM BERMINGHAM
731,654815,NURSE,BRITTENY SOLO
732,654816,NURSE,RETTA SHEHANE
733,654817,NURSE,HOBERT HERNANDEZ
734,654818,NURSE,PHIL SPERONI
735,654819,NURSE,FELISA BOXX
736,654820,NURSE,GIGI GREYNOLDS
737,654821,NURSE,LONI MEDERIOS
738,654823,NURSE,BEAULAH KRASSOW
739,654824,NURSE,LU WADLOW
740,654825,NURSE,AMINA CUSHINBERRY
741,654826,NURSE,SUZETTE TRESCOTT
742,654827,NURSE,EMELDA WEN
743,654828,NURSE,MORTON GELABERT
744,654829,NURSE,LEDA SAYE
745,654830,NURSE,AWILDA DUTSCHMANN
746,654831,NURSE,MISTIE ROHS
747,654832,NURSE,BOBBYE AZZARITO
748,654833,NURSE,BRUNILDA FINDERS
749,654834,NURSE,BERTRAM JIMMERSON
750,654835,NURSE,MALVINA ARMOND
751,654836,NURSE,RANDALL SKOWRONEK
752,654837,NURSE,CHELSEA KEKS
753,654838,NURSE,LILA LANSON
754,654839,NURSE,ASHELY THURMON
755,654840,NURSEB,ANNELLE COANT
756,654841,NURSE,OLYMPIA DRUE
757,654842,NURSE,GREGORY GALANTI
758,654844,NURSE,RANDOLPH NISHIMURA
759,654846,NURSEB,FAUSTO LAUBHAN
760,654847,NURSE,RANDAL HEINDL
761,654849,NURSE,DALENE EDELSTEIN
762,654850,NURSE,EMMITT GASPARINO
763,654851,NURSE,JENIFER GRUNDEN
764,654852,NURSE,CAMMIE CECHINI
765,654853,NURSE,JANEE HASELHORST
766,654854,NURSE,RHONA SIVILS
767,654855,NURSE,CHRISTY COHRON
768,654856,NURSE,GLADY HOLTGREWE
769,654857,NURSE,LOREAN AZAR
770,654859,NURSE,APRYL NORBY
771,654860,NURSE,ESTELL KRINOV
772,654861,NURSE,SHARLENE MORVA
773,654862,NURSE,MACKENZIE LOVERO
774,654863,NURSE,TIM MOYET
775,654866,NURSE,YEE BREMMER
776,654868,NURSE,AISHA HEARING
777,654871,NURSE,ERIC SINKIEWICZ
778,654873,NURSE,DIGNA SCHENO
779,654874,NURSE,MARIAN BRIER
780,654876,NURSE,ALDO SCHABES
781,654878,NURSE,DONETTA WEEMAN
782,654879,NURSE,LUCILLA ROEHRENBECK
783,654881,NURSE,KARON MOOSA
784,654882,NURSE,TYRA WINARSKI
785,654883,NURSE,VERN DAMICO
786,654884,NURSE,ELLI BAND
787,654885,NURSE,SHARYN STIPES
788,654886,NURSE,CARLA BRECHBIEL
789,654888,NURSE,LILLIANA CORPORON
790,654890,NURSE,IRENE MCWILLIAMS
791,654891,NURSE,ALESIA JIMINEZ
792,654892,NURSE,GALA MEADER
793,654893,NURSE,LATASHIA ALLSBROOKS
794,654894,NURSE,PEARLENE JOCHUMSEN
795,654895,NURSE,TRACIE GOUVEIA
796,654896,NURSE,MICA HEYMANN
797,654898,NURSE,BOB BIERCE
798,654899,NURSE,CLINTON HOHMEIER
799,654900,NURSE,IVY CAMPANELLA
800,654901,NURSE,TA MACIARELLO
801,654902,NURSE,DANILLE SCHMIOT
802,654903,NURSE,IONA SNELLBAKER
803,654904,NURSE,EMMETT FARINAS
804,654905,NURSE,ANIBAL MARKIN
805,654906,NURSE,WEI MIYASHITA
806,654907,NURSE,OLIVER PARLET
807,654908,NURSE,CYRSTAL SANACORE
808,654909,NURSE,LISHA PRIVALSKY
809,654910,NURSE,KATHERINA BREAZEALE
810,654912,NURSE,RENE HILLEBRANO
811,654913,NURSE,IRENA VOST
812,654914,NURSEB,LASHELL FORCHT
813,654915,NURSEB,ROSALINE DEVICH
814,654916,NURSE,TRENA GARLICK
815,654917,NURSE,FREDERICA BISGES
816,654918,NURSE,GEORGETTA DAIGLE
817,654919,NURSE,VIVA DRUMM
818,654920,NURSE,LYNDON HOLLAR
819,654921,NURSE,CHANDA ROSENSTOCK
820,654924,NURSE,JI AGUILER
821,654930,NURSE,ARDEN GUILDFORD
822,654932,NURSE,SHERLYN GRAV
823,654933,NURSE,YUNG DYLL
824,654937,NURSE,TARSHA VARAZA
825,654938,NURSE,JESICA INGELS
826,654942,NURSE,NICK ARTINIAN
827,654944,NURSE,RAYMUNDO MERY
828,654947,CNA,FAVIOLA ALDARONDO
829,654948,NURSEB,LECIA FERRATT
830,654949,ANESTHESIA,TAMBRA BORRAS
831,654950,NURSE,JAYNA QUINALTY
832,654951,CNA,TONITA ZAMMETTI
833,654952,NURSE,ALVIN BUDDIE
834,654953,NURSE,EMORY MURELLO
835,654954,NURSE,JOI DEARO
836,654956,ANESTHESIA,LIZETTE FEOLA
837,654957,NURSE,DAVINA WIESEL
838,654958,NURSEB,AYESHA APPELGREN
839,654960,NURSE,LADAWN SWEATT
840,654961,NURSE,ALITA SIMPON
841,654963,NURSE,WELDON GINKEL
842,654964,NURSE,STEPHINE RUBYOR
843,654965,NURSE,ELEANOR SNELLING
844,654966,CNA,SHAWN MAPHIS
845,654969,NURSE,BRIANNE BOGNAR
846,654972,NURSE,LU FAGGS
847,654977,NURSE,ADELA OGANS
848,654979,NURSE,SUZAN LOMELI
849,654980,NURSE,NGOC STRATOS
850,654982,NURSE,BENITO NAVAL
851,654983,NURSE,TAMMIE DITTY
852,654987,NURSE,ULA GEORGELIS
853,654988,PHARMACSTA,ANTOINE GILCHER
854,654990,PHARMACSTA,ARIE ASHLIN
855,654991,PHARMTECHA,SOILA CZECH
856,654992,PHARMACSTA,CAMELIA CANNONIER
857,654993,PHARMACSTA,VENITA DILTHEY
858,654994,PHARMTECHA,JULIANNA ROMEY
859,654995,PHARMTECHA,TWANA STORE
860,654996,PHARMTECHA,ZULMA PRETLOW
861,654997,PHARMTECHA,ANDY DURRE
862,654998,PHARMTECHA,MIKE LECHLAK
863,654999,PHARMTECHA,KATHE YOO
864,655000,PHARMTECHA,MYRIAM TRAUNFELD
865,655001,PHARMACSTA,WARNER FLIES
866,655003,PHARMTECHA,CHANA DISHAW
867,655005,PHARMTECHA,CARLENE MORABITO
868,655007,PHARMTECHA,GABRIELLA GREIBER
869,655008,PHARMACSTA,SHAWN THIMMES
870,655010,PHARMACSTA,LORE BESHEAR
871,655011,NURSEB,GARY VIGILO
872,655012,NURSE,MAURICE ASHURST
873,655013,NURSE,JONIE SPEAKE
874,655014,NURSE,MINDY LEATHERWOOD
875,655015,PHARMTECHA,MOON BONAR
876,655016,NURSEB,CHAUNCEY ZINNO
877,655017,PHARMACSTA,EVELIN SHAMONSKY
878,655018,PHARMACSTA,FLOYD BRADICK
879,655019,PHARMACSTA,TESHA MCCARTAN
880,655021,NURSE,ETHELYN FEDORKO
881,655022,NURSE,CELIA MCCOMAS
882,655023,PHARMTECHA,CRAIG LEMASTER
883,655024,PHARMACSTA,GUDRUN BEIERSCHMITT
884,655025,PHARMTECHA,TONDA MUCKLEROY
885,655026,PHARMTECHA,GHISLAINE GRASMAN
886,655028,NURSE,JOHANNA GOBBI
887,655029,TECH,CHARLEEN HURLBURT
888,655031,PHARMTECHA,STEFFANIE JULYE
889,655032,PHARMACSTA,MELISSIA LENDT
890,655033,NURSE,RENEE KLEINMANN
891,655034,NURSE,TENNIE BERWALD
892,655037,PHARMACSTA,NUBIA JECK
893,655039,NURSE,MARGERY TURZAK
894,655040,PHARMACSTA,MAREN ROWEY
895,655041,NURSE,CATHERINA ASEN
896,655045,NURSE,CHRISTOPHER COLLMEYER
897,655046,NURSE,OTTO BUMPAUS
898,655047,PHARMTECHA,LON ARMANT
899,655049,PHARMACSTA,JACQUELYNN SWECKER
900,655050,NURSE,DINORAH KITCHENMAN
901,655051,TECH,GIUSEPPINA CRUMPACKER
902,655052,PHARMACSTA,HUE MEISCH
903,655053,NURSE,NICHELLE LEZA
904,655055,PHARMACSTA,OPHELIA BERCEIR
905,655056,NURSE,ANN BUEN
906,655057,PHARMACSTA,KYONG ZUMALT
907,655058,PHARMACSTA,DORSEY BROWMAN
908,655059,PHARMACSTA,LESLI SONNEBORN
909,655060,NURSE,TERRA KRYZAK
910,655061,PHARMTECHA,AWILDA ROENIGK
911,655063,PHARMTECHA,ALLA HAGENE
912,655064,NURSE,KENYATTA RIEKENA
913,655065,PHARMTECHA,KAREEN LYFORD
914,655066,NURSE,JEANNIE MANLEY
915,655067,NURSE,OLEVIA SHALLOW
916,655068,PHARMACSTA,ALISHIA SITTS
917,655069,PHARMACSTA,GRACIE BRADBY
918,655070,PHARMTECHA,LEIGH RANDELL
919,655071,NURSE,SHERON ABRAHAMSEN
920,655072,NURSE,YOUNG PIRIEDA
921,655074,ANESTHESIA,MELONY EDGERTON
922,655075,PHARMACSTA,LACHELLE MULLNER
923,655077,NURSE,RUBI GAWEL
924,655080,NURSE,AYANA QUILANTANG
925,655083,NURSE,GENARO DRAPE
926,655085,NURSE,SILVIA SCOTTY
927,655089,NURSE,MELODEE KOSINAR
928,655093,NURSE,KRYSTIN ARNIO
929,655096,NURSE,MELODY FURNIA
930,655097,PHARMACSTA,KIMBRA GUAJARDO
931,655099,NURSE,NORIKO TARANGELO
932,655100,PHARMACSTA,SUZETTE IZAQUIRRE
933,655101,NURSE,MANDIE MARTORELLO
934,655102,NURSE,TERRI COLEE
935,655106,NURSE,PAULITA DEHN
936,655107,PHARMACSTA,VERTIE CORNEAU
937,655108,NURSE,ROYAL MERDIAN
938,655110,NURSE,RAGUEL BANTUG
939,655113,NURSE,CORRINNE MILLY
940,655114,NURSE,DELCIE BARRANGER
941,655115,NURSE,KATE WERK
942,655116,PHARMTECHA,WYNELL LEGNER
943,655118,NURSE,IRAIDA FRIESE
944,655120,NURSE,CHANCE MOWDY
945,655121,NURSE,KATERINE PLOENNIGS
946,655122,NURSE,SONG NENEZ
947,655123,NURSE,DEBBY HATTEN
948,655125,PHARMTECHA,ILENE CLEMMON
949,655126,NURSE,RENATE TARNOWSKI
950,655127,NURSE,JUANITA LAGRONE
951,655128,NURSE,SARINA SCHRECKHISE
952,655129,NURSE,MARANDA NICHLOS
953,655130,PHARMTECHA,LINSEY VISHER
954,655131,NURSE,GALA GUERRIER
955,655132,NURSE,BEULA BOBB
956,655133,NURSE,CAROL SHARICK
957,655134,NURSE,CARLOTA BURCE
958,655135,NURSE,MANA KORDUS
959,655136,NURSE,SAGE MONDINO
960,655137,CNA,ALYSA SHENE
961,655138,NURSE,YOLANDO DUTRA
962,655139,NURSE,ARMAND TATMAN
963,655140,NURSE,MAMMIE MONTFORT
964,655141,NURSEB,TIM WLAZLOWSKI
965,655142,PHARMTECHA,HANS STIER
966,655144,PHARMACSTA,FLORETTA RUMBURD
967,655145,PHARMTECHA,TRINIDAD STEINHAUS
968,655146,NURSE,VINCENZO KOSTERS
969,655148,PHARMTECHA,LIVIA TRAUBE
970,655150,NURSE,JERRI SHERROCK
971,655151,NURSE,SYLVIA DOBBERFUHL
972,655152,NURSE,NELL RUBEN
973,655153,NURSE,SHAMIKA TRUE
974,655154,NURSE,RAYMON ROCHER
975,655155,NURSE,EMERALD MONTALTO
976,655156,NURSE,VANNA BLAY
977,655158,NURSE,JARRETT KUPETZ
978,655159,NURSE,TIFFANI MOKLER
979,655161,NURSE,ROBBIE MARVRAY
980,655163,PHARMACSTA,DELINDA MORANDI
981,655164,NURSE,TOWANDA RAYOME
982,655166,PHARMACSTA,WANITA ROTHSCHILD
983,655174,NURSE,JOI CORMICAN
984,655176,TECH,REYNALDO CUMENS
985,655178,NURSE,STARLA CARMLEY
986,655179,PHARMACSTA,CARON BERRET
987,655180,NURSE,LEONEL KNICKMAN
988,655181,NURSE,SHEILA CREARY
989,655184,NURSE,RUDOLPH MCROY
990,655195,NURSE,NAM JOSEPHSON
991,655196,PHARMACSTA,TANNA SMELSER
992,655200,NURSE,LAVINA VENNEMAN
993,655205,NURSE,VERENA CAPRIO
994,655206,PHARMTECHA,ARMANDA DELCID
995,655207,NURSE,DERRICK VERNI
996,655208,NURSEB,EURA TERAN
997,655216,NURSEB,JACKQUELINE AMBERS
998,655218,PHARMTECHA,MATTIE NERO
999,655223,NURSE,INA BENSTON
1000,655224,NURSE,KARINA NOBREGAS
1001,655225,NURSE,BEVERLY BARROWS
1002,655227,NURSE,CORDELL GERDES
1003,655229,NURSE,LUCIANO SILHA
1004,655233,NURSE,GRISEL BADLEY
1005,655234,NURSE,TREY ESQUINALDO
1006,655235,NURSE,KARIE BILLIE
1007,655236,NURSE,MARIANA FRIESEN
1008,655237,NURSE,SHAKIRA BALYEAT
1009,655238,NURSE,LASHANDA GUPTA
1010,655241,PHARMACSTA,DODIE FEELA
1011,655243,PHARMTECHA,DIEGO KALANDEK
1012,655246,NURSE,AILENE ESCALANTE
1013,655248,ANESTHESIA,BLANCA BETHA
1014,655249,NURSE,WINDY CALWAY
1015,655250,NURSE,CHERRIE BRITAIN
1016,655251,NURSE,MALLORY POKALLAS
1017,655252,NURSE,MILLY PLESNARSKI
1018,655255,NURSEB,LAQUANDA LINAMEN
1019,655256,NURSE,DEVONA KNOEBEL
1020,655258,NURSE,CHU HAMMELL
1021,655259,NURSE,MOLLIE REFSELL
1022,655260,NURSE,LIZZIE KLIEVER
1023,655261,NURSE,LETTY RANDOLPH
1024,655263,NURSE,NADA KOISTINEN
1025,655264,NURSE,DENITA SCHWANBECK
1026,655265,NURSE,WALTON STORMAN
1027,655266,NURSE,KATHLINE MANYGOATS
1028,655267,NURSE,TOBIAS HALLIBURTON
1029,655271,NURSE,CORINNA PONCE
1030,655272,NURSE,KELSI BRANCHAUD
1031,655273,PHARMACSTA,ALETHEA SCALET
1032,655274,NURSE,KATHALEEN KNIGHTON
1033,655276,NURSE,DOUGLASS NEWBRAUGH
1034,655278,NURSE,MATTIE OGANDO
1035,655280,NURSE,IOLA LOSA
1036,655283,PHARMACSTA,LANORA BARQUERA
1037,655288,NURSE,BERNARDINE GAMBLER
1038,655289,NURSE,KYRA HOSCHOUER
1039,655292,NURSE,HEIKE FELLENZ
1040,655294,NURSE,ANNAMARIA HERREN
1041,655295,NURSE,CARMEL KINGSBERRY
1042,655301,NURSE,GERARDO CASTELLION
1043,655302,PHARMTECHA,BUCK SLEVIN
1044,655303,NURSE,TAMA BYES
1045,655304,NURSE,YANG SWEETS
1046,655305,NURSE,REED NORUM
1047,655316,NURSE,CORDIA PROFETA
1048,655317,TECH,CHARLEEN HURLBURT
1049,655319,NURSE,FELIPE HARDWICK
1050,655322,NURSE,RUTHE TENNIES
1051,655326,NURSE,INDIA ZHAO
1052,655328,NURSE,SHERLEY BAHN
1053,655330,PHARMTECHA,LOUELLA FARNUM
1054,655331,NURSE,JOSPHINE BOLLS
1055,655332,NURSE,DANTE KANDOLL
1056,655336,TECH,EDITH HERDT
1057,655339,NURSE,DONETTA SPRUCE
1058,655340,NURSE,RENATA POUTRE
1059,655341,NURSE,ELLYN AFFLECK
1060,655344,NURSE,YOSHIKO CANTAVE
1061,655345,NURSE,RUEBEN BEBOUT
1062,655346,NURSE,LEONEL RACZ
1063,655349,NURSEB,JOE BRUCIE
1064,655350,NURSE,VIVIEN BAILARD
1065,655351,CNA,THAD MICHELS
1066,655352,NURSE,DORI MILER
1067,655353,NURSEB,CARLYN OSBON
1068,655357,NURSE,ANGIE BASTIN
1069,655358,NURSE,KARAN RAVAGO
1070,655366,NURSE,KENTON SIDDIQI
1071,655368,NURSE,THANH LOPER
1072,655372,NURSE,CLEOTILDE RUMLEY
1073,655373,NURSE,RETHA DUBIE
1074,655375,NURSE,ADA BURLINGAME
1075,655376,ANESTHESIA,DOLLY ZELINKA
1076,655377,NURSE,CONCEPCION BARBELLA
1077,655378,NURSE,LIEN GAMBLER
1078,655381,NURSE,NEIL RIDEP
1079,655383,NURSE,ADALBERTO CRAVEY
1080,655388,NURSE,LOIS RESUE
1081,655391,NURSE,LEKISHA COVELLI
1082,655392,NURSE,CHAS KISTENMACHER
1083,655397,NURSE,ONITA MAAHS
1084,655401,NURSE,THEA WILTGEN
1085,655403,CNA,AZUCENA DAYEM
1086,655404,NURSE,ANNABEL CAROTA
1087,655406,NURSE,CHRISSY RENDLEMAN
1088,655407,NURSE,ARGELIA MAHERAS
1089,655408,NURSE,KYLE IACOBELLI
1090,655412,NURSE,TASHA ACOSTO
1091,655413,NURSE,JUNITA HUITRON
1092,655414,NURSE,LAURINDA CHUKRI
1093,655415,NURSE,ROSALEE CZAPIEWSKI
1094,655416,NURSE,MARGET VANAPRASERT
1095,655417,NURSE,BETSY GRIMARD
1096,655418,NURSE,SHEMEKA HOFFPAVIR
1097,655419,NURSE,VIRGINA ROARTY
1098,655420,NURSE,ILA CHILLEMI
1099,655421,NURSE,ENDA WANKO
1100,655434,NURSE,NGUYET BADERTSCHER
1101,655439,NURSE,AUBREY COUNCELLER
1102,655440,NURSE,FLORENE SUDBECK
1103,655441,NURSE,GLYNIS MCKOAN
1104,655444,NURSE,ELANE SHERWOOD
1105,655456,NURSE,LAKIESHA TOUCHARD
1106,655457,NURSE,MELODEE KHAMMIXAY
1107,655459,NURSE,MONROE SPANNBAUER
1108,655460,CNA,FIDELA BALCKWELL
1109,655463,TECH,EMELINE KARPINEN
1110,655464,NURSE,NORRIS GRIM
1111,655466,NURSE,COREEN PATRUM
1112,655467,NURSE,SINA BRANCHEAU
1113,655470,NURSE,LAUREN KUTNER
1114,655472,NURSE,LILLIA CHINEN
1115,655485,NURSE,MARIETTE PAPANIKOLAS
1116,655487,NURSE,CHARLA ELLSON
1117,655493,NURSE,PORTER SILENCE
1118,655494,NURSE,JEFF REISSER
1119,655498,NURSE,SHANDRA HARSHAW
1120,655499,NURSE,ELICIA HENSCHKE
1121,655500,NURSEB,CARLOTA HERZER
1122,655516,NURSE,CHERISE JETER
1123,655523,NURSE,CARLEEN WORTHEN
1124,655529,CNA,KANDY DEMORE
1125,655530,NURSE,LOURDES BIEGLER
1126,655532,NURSE,KACY FACIO
1127,655535,PHARMACSTA,MICHELINA CARRERA
1128,655536,NURSE,CYRIL HEGNER
1129,655537,NURSE,KATHERINA MADREN
1130,655544,NURSE,STACEY GETTLE
1131,655546,NURSE,HULDA VAHENA
1132,655548,NURSE,STACI CASAGRANDE
1133,655550,NURSE,LUTHER KILMARTIN
1134,655551,NURSE,HERSCHEL SHERFIELD
1135,655552,NURSE,GWYNETH MCATEE
1136,655554,NURSE,MARILYN MORLEDGE
1137,655555,NURSE,SHANELLE CLAYPOLE
1138,655556,NURSE,ALONZO DUNNEGAN
1139,655557,NURSE,JOSEPHINA RIEMER
1140,655558,NURSE,SHALONDA JEZ
1141,655560,NURSE,KARLEEN GOOTZ
1142,655561,PHARMTECHA,SHOSHANA KURPIEL
1143,655562,NURSE,MAYE EGGINK
1144,655563,NURSE,KATHERINE COUPLAND
1145,655564,NURSE,TAMRA BALLINTYN
1146,655565,NURSE,DEVORA KYZAR
1147,655566,TECH,BILLYE YEATES
1148,655567,ANESTHESIA,VICENTE BROCCOLI
1149,655569,PHARMTECHA,CECILLE HIGASHI
1150,655570,ANESTHESIA,HILDEGARD GAUTIER
1151,655571,NURSE,ODELL COLAIANNI
1152,655572,NURSE,MOSES BRESLER
1153,655575,NURSE,TEENA HOCHFELDER
1154,655576,NURSE,RICHIE FEIERMAN
1155,655578,NURSE,LENORA ADDEO
1156,655579,PHARMTECHA,DONNETTA CINNAMOND
1157,655580,NURSE,MOHAMMED OPELL
1158,655581,NURSE,BETTY THURAU
1159,655582,NURSE,LAVETA GUNTHROP
1160,655583,NURSE,KERA SOMAN
1161,655585,NURSE,CELENA GARSTKA
1162,655586,TECH,VIVIAN GUNZELMAN
1163,655587,NURSE,CHERYL SHIRAH
1164,655588,NURSE,DARCEL LASURE
1165,655589,CNA,TARI RACKLIFFE
1166,655590,PHARMTECHA,MERRIE BONETTO
1167,655591,NURSE,BRIGIDA ANGELOFF
1168,655592,NURSE,NOBUKO ELI
1169,655593,NURSEB,SUEANN SUTTER
1170,655594,NURSEB,JACOB ROZNOWSKI
1171,655595,NURSE,TOMMY SCRIBELLITO
1172,655596,NURSE,ILLA HUNTEN
1173,655597,NURSE,DENITA HATHEWAY
1174,655598,PHARMTECHA,SHERRIE AHRENHOLTZ
1175,655599,NURSE,SONJA LIDDLE
1176,655600,PHARMTECHA,SERINA IGNACIO
1177,655601,NURSE,RANA FENNEY
1178,655602,NURSE,DINAH GRIGLEN
1179,655603,NURSE,MARCIA KERSKA
1180,655604,NURSE,JESSIKA CORRIA
1181,655605,NURSE,NEREIDA COVINGTON
1182,655606,NURSE,CARMEL HAWE
1183,655607,NURSE,SHERIKA LAMISON
1184,655608,NURSE,SHERYL CHINO
1185,655609,PHARMTECHA,LEONORA MARTINCIC
1186,655610,NURSE,TONISHA SEBENIECHER
1187,655611,NURSE,RILEY MARRAPODI
1188,655612,NURSE,ZONA WENGLER
1189,655613,NURSE,ENOLA BARRY
1190,655614,NURSE,GERTHA HAJDAS
1191,655615,NURSE,LORILEE CLINKSCALES
1192,655616,NURSE,BRANDEN JESS
1193,655617,NURSE,ARLINDA SUMMERSON
1194,655618,NURSE,KIYOKO KNAFF
1195,655619,PHARMTECHA,LELIA WILKOFF
1196,655620,NURSEB,ULYSSES NICOLET
1197,655621,NURSE,PILAR STARNES
1198,655622,CNA,LORY CHESER
1199,655623,NURSEB,TRISTA MOGAVERO
1200,655624,NURSE,LOUELLA NEALEIGH
1201,655625,NURSE,SYREETA MCARDELL
1202,655626,PHARMTECHA,VERNETTA HARTLEN
1203,655627,ANESTHESIA,OTIS BELLEN
1204,655628,NURSEB,GERMAINE MELSER
1205,655629,NURSE,MARVA SARANI
1206,655630,NURSEB,HALINA KRZAK
1207,655631,NURSE,CLYDE QUIRALTE
1208,655632,NURSE,SHAKIRA SMESTAD
1209,655633,NURSE,ALEXIA GALLIMORE
1210,655634,NURSE,DREW LOBELL
1211,655635,NURSE,VALERIA BOLDIZSAR
1212,655636,NURSE,NIKKI RICE
1213,655637,NURSE,CIERA MCCLASKEY
1214,655638,PHARMACSTA,SHAWANNA RIVARA
1215,655639,NURSE,EUN SAGER
1216,655640,NURSE,MAYME SCHWARZER
1217,655641,CNA,TEMPLE CROISSANT
1218,655642,NURSEB,ADELAIDA SMUGALA
1219,655643,NURSE,ALYSSA DEISHER
1220,655644,PHARMACSTA,WILHEMINA PRIOLEAN
1221,655645,NURSE,JULIETTA KEPNER
1222,655646,NURSE,CARISA MARIUS
1223,655647,PHARMACSTA,ABE NANTZ
1224,655648,NURSE,BRICE AMALFITANO
1225,655649,NURSE,LORIA WILGING
1226,655650,NURSE,ALLAN NORDSTRAND
1227,655651,NURSEB,HORTENSE KATSCH
1228,655652,NURSE,ESMERALDA BORES
1229,655653,NURSE,LILLA MACNAUGHT
1230,655654,NURSE,SHANON SMIGLEWSKI
1231,655655,NURSE,YUETTE AVENT
1232,655656,PHARMACSTA,ISAIAS LEY
1233,655657,PHARMACSTA,ALIZA HAVER
1234,655658,PHARMACSTA,CLEVELAND KNKNOWN
1235,655659,NURSE,NATACHA PAULLUS
1236,655660,NURSE,VERONA POBANZ
1237,655661,PHARMACSTA,EDDY WINGERSON
1238,655662,HEADNURSE,TASHA ACOSTO
1239,655663,HEADNURSE,ISAIAS LEY
1240,655664,HEADNURSE,DEDRA CANTONI
1241,655665,HEADNURSE,CLEVELAND KNKNOWN
1242,655666,HEADNURSE,TRAN GHEEN
1243,655667,HEADNURSE,ALIZA HAVER
1244,655668,ANESTHESIA,LITA NASER
1245,655669,NURSE,DARIO GLICK
1246,655670,ANESTHESIA,REGENA NOVAK
1247,655671,NURSEB,NATASHIA LAHMANN
1248,655672,HEADNURSE,JENNETTE CARVIN
1249,655673,ANESTHESIA,ZULA SARMENTO
1250,655674,HEADNURSE,JENNA INMON
1251,655675,NURSE,LYNN CARAVETTA
1252,655676,NURSE,LUZ HANVEY
1253,655677,NURSE,LEEANNA RONCHETTO
1254,655678,NURSE,BERNIE THRILL
1255,655679,CNA,GENOVEVA JAYO
1256,655680,NURSE,REBECKA KAWAMOTO
1257,655681,NURSE,ANNITA VIGGIANO
1258,655682,NURSE,BRANDA SPOSITO
1259,655683,NURSE,OMEGA FUENTE
1260,655684,NURSE,LACIE FELTMAN
1261,655685,NURSE,PARIS GALLANTE
1262,655686,NURSE,AILEEN BATTIN
1263,655687,CNA,CLARIS BROUGH
1264,655688,NURSE,SHARYN PLASENCIA
1265,655689,PHARMACSTA,MARIELLE ROUW
1266,655690,NURSE,ENEIDA SAUVEUR
1267,655691,TECH,NUBIA JECK
1268,655692,NURSE,IVETTE GUSE
1269,655693,NURSE,TATYANA KEMPKER
1270,655694,NURSE,LURLENE CARONE
1271,655695,NURSE,EFRAIN AGUINALDO
1272,655696,NURSE,TESSA CISCO
1273,655697,NURSE,CHARLIE CHARLE
1274,655698,NURSE,TRINA GUSTOVICH
1275,655699,ANESTHESIA,DEWAYNE FEARY
1276,655700,ANESTHESIA,PAMELIA MERY
1277,655701,PHARMTECHA,TENA BARBIERI
1278,655702,NURSE,HARVEY REHMER
1279,655703,NURSE,DELINDA LOMELI
1280,655704,NURSE,LEIA PALA
1281,655705,NURSE,SHERLY STROWE
1282,655706,NURSE,BRITTNEY AUTIN
1283,655707,NURSE,CELINDA HELBERT
1284,655708,NURSE,LYNDIA GOESSL
1285,655709,NURSE,LINDSY TIREY
1286,655710,NURSE,SLYVIA MCCOON
1287,655711,NURSE,MALIA LUBY
1288,655712,NURSE,LATOSHA HADEF
1289,655713,NURSE,NELLY DECOOK
1290,655714,NURSE,RHONDA ZABIELSKI
1291,655715,NURSE,ROCKY GERONIMO
1292,655716,ANESTHESIA,CARMEN AMAUTY
1293,655717,NURSE,SAMANTHA BEGGS
1294,655718,NURSE,VON BARNS
1295,655719,NURSE,CAROLINE BAUTISTE
1296,655720,NURSE,ROSEMARIE BANCHERO
1297,655721,NURSE,MCKENZIE LEIMKUEHLER
1298,655722,NURSE,WILLIS NEUFVILLE
1299,655723,NURSE,AVRIL LENK
1300,655724,NURSE,CLELIA ROSENER
1301,655725,NURSE,ZULMA KEMMIS
1302,655726,NURSE,TERESSA STRAWSER
1303,655727,NURSE,SHARLEEN KULP
1304,655728,NURSE,HAL MOZLEY
1305,655729,NURSE,CLEMENT HAZLETON
1306,655730,NURSE,BRUNA KONCZEWSKI
1307,655731,NURSE,SO MEINTS
1308,655732,NURSE,JENNIFER MAGBY
1309,655733,NURSE,MARCY OPRAY
1310,655734,NURSE,JULIENNE HALSELL
1311,655735,NURSE,LEONIE CLEAVENGER
1312,655736,NURSE,EVELINA CORREL
1313,655737,NURSE,KAMI QUAKER
1314,655738,NURSE,AUDIE SILLITOE
1315,655739,NURSE,BRIDGETT DOTSON
1316,655740,NURSE,REENA ODHAM
1317,655741,NURSE,CARLO GUEVIN
1318,655742,NURSE,BARTON MALIKOWSKI
1319,655743,NURSE,ARDELLA GOODIEL
1320,655744,NURSE,IRISH MCKECHNIE
1321,655745,NURSE,PEARLE PAGLIONE
1322,655746,NURSE,EMMIE STANDRE
1323,655747,NURSE,SALVADOR SICKMAN
1324,655748,NURSE,TIM MOYET
1325,655749,NURSE,JOEL BACCUS
1326,655750,NURSE,MARQUIS VANAUSDAL
1327,655751,NURSE,NUBIA MEEK
1328,655752,NURSE,LOUISA JUMP
1329,655753,NURSE,GENESIS HAUBRICK
1330,655754,NURSE,MOZELLE RAPER
1331,655755,NURSE,JOETTA STEINERT
1332,655756,NURSE,TREASA RAWLINSON
1333,655757,NURSE,DOLORES MIKES
1334,655758,NURSE,MIKKI BERLAND
1335,655759,NURSE,SILVA TOMASSO
1336,655760,NURSE,ADELAIDA TOELKE
1337,655761,NURSE,CINDY GABBAMONTE
1338,655762,NURSE,SAUL FEDDERLY
1339,655763,NURSE,JEANNETTA BEARDSLEE
1340,655764,NURSE,ARLEAN CESSNA
1341,655765,NURSE,AVA BALMIR
1342,655766,NURSE,AGUSTINA TSE
1343,655767,NURSE,KEENAN JURKOVICH
1344,655768,ANESTHESIA,DANIELE CORNMESSER
1345,655769,NURSE,MYRNA BRYSON
1346,655770,ANESTHESIA,DARLINE MORFORD
1347,655771,NURSE,AVERY PAGANINI
1348,655772,NURSE,TEMIKA ISRAELSEN
1349,655773,NURSE,REDA SERGIO
1350,655774,NURSE,JOHNETTE DYAL
1351,655775,NURSE,BERNARD NASCHKE
1352,655776,NURSE,LEXIE JAYME
1353,655777,PHARMACSTA,TEOFILA PAULMINO
1354,655778,NURSE,KEENA HARVILLA
1355,655779,NURSE,ROBBYN GORING
1356,655780,NURSE,YURI JOHAL
1357,655781,NURSE,ELENE CIVATTE
1358,655782,NURSE,LATRICIA GERALDO
1359,655783,NURSE,GERARDO CASTELLION
1360,655784,NURSE,KIETH PARKHOUSE
1361,655785,NURSE,ELDA MCDADE
1362,655786,NURSE,PENNIE FARVE
1363,655787,NURSE,LORIANN LIV
1364,655788,NURSE,SHIZUE LEUPOLD
1365,655789,NURSE,CANDICE MORBER
1366,655790,NURSE,EDISON PAPAKOSTAS
1367,655791,NURSE,CLAUDIO DAYKIN
1368,655792,NURSE,JADA SIMONCINI
1369,655793,PHARMTECHA,RICKY BOTTUM
1370,655794,NURSE,LES BREIHAN
1371,655795,NURSE,VENETTA RUNDLETT
1372,655796,NURSE,MELVINA MUNEY
1373,655797,NURSE,AMERICA MAESE
1374,655798,NURSE,SO ARQUITT
1375,655799,NURSE,LAN JEANNETTE
1376,655800,NURSE,ALFRED BELLION
1377,655801,NURSE,LEA MATEUS
1378,655802,NURSE,ISA SOUERS
1379,655803,NURSE,LUDIE SHENK
1380,655804,NURSE,JUSTA JUARIQUI
1381,655805,NURSE,DANELLE KITAMURA
1382,655806,NURSE,REGENIA GORDILLO
1383,655807,NURSE,RONALD BETHAY
1384,655808,NURSE,NICOLA LESSEY
1385,655809,NURSE,ZACKARY TERP
1386,655810,NURSE,JOSEFINA GRUIGER
1387,655811,NURSE,MARKITA SPACHT
1388,655812,NURSE,STELLA ZWERSCHKE
1389,655813,NURSE,ROYAL COTA
1390,655814,NURSE,ARLENA PICOT
1391,655815,NURSE,RAYNA SAGEHORN
1392,655816,NURSE,ESTELL ALTMARK
1393,655817,NURSE,VIRGINA CINQUE
1394,655818,NURSE,EMILY LIBERATO
1395,655819,PHARMTECHA,ALIX ESCHE
1396,655820,NURSE,MEGGAN MURNAN
1397,655821,NURSE,JENELL STOLARSKI
1398,655822,NURSE,LARONDA YEATER
1399,655823,NURSE,MERLYN PRONDZINSKI
1400,655824,NURSE,CASSI GOTAY
1401,655825,NURSE,KARLA HAGERT
1402,655826,NURSE,ANGELIQUE GAETKE
1403,655827,NURSE,PENNEY BLISH
1404,655828,NURSE,AYANNA BAKHSHIAN
1405,655829,NURSE,CHERLYN BETHEA
1406,655830,NURSE,DIANN LYDAY
1407,655831,NURSE,DARNELL MCQUIGGAN
1408,655832,NURSE,ROSENDO GLOSTER
1409,655833,NURSE,SAM MCDAVIS
1410,655834,NURSE,MILLARD CORNELL
1411,655835,NURSE,ANDRES NORRELL
1412,655836,NURSE,MILA DUNNEBACK
1413,655837,NURSE,JOSH ROTCHFORD
1414,655838,CNA,ANJA MAULDIN
1415,655839,NURSE,TYRONE LADEAU
1416,655840,NURSE,ROSARIA MOSSING
1417,655841,NURSE,TIERRA GRUBBS
1418,655842,NURSE,VICKEY FAVA
1419,655843,NURSE,SHELDON OCHAL
1420,655844,NURSE,OUIDA KALISZEWSKI
1421,655845,NURSE,SHERLYN HETZLER
1422,655846,NURSE,WALLY SARNES
1423,655847,NURSE,TAMBRA PARREIRA
1424,655848,NURSE,JACKELYN LAGONIA
1425,655849,NURSE,CLAUD STOUALL
1426,655850,NURSE,THOMASENA SURRIDGE
1427,655851,PHARMTECHA,LIVIA TRAUBE
1428,655852,NURSE,SUELLEN PALLA
1429,655853,NURSE,RESSIE RECKSIEK
1430,655854,NURSE,SUNNY LUNZ
1431,655855,NURSE,JANEY NEWBURG
1432,655856,NURSE,RUSTY YORIO
1433,655857,NURSE,PAULA GUILFOIL
1434,655858,ANESTHESIA,MARILOU KOSTIV
1435,655859,NURSE,CLORA DEMELO
1436,655860,NURSE,GEORGENE SPIRE
1437,655861,NURSE,CLARK PANELLA
1438,655862,NURSE,TAMIE BROKS
1439,655863,NURSE,RENA DINGLASAN
1440,655864,NURSE,LAMAR PILLITTERI
1441,655865,NURSE,MARINA CORVO
1442,655866,PHARMTECHA,KAREEN TRUESDELL
1443,655867,NURSE,JOYE TINNERELLO
1444,655868,NURSE,ARACELY LAFERRIERE
1445,655869,NURSE,SCOTT MITKOWSKI
1446,655870,PHARMTECHA,GLINDA TWELLMAN
1447,655871,NURSE,ROSS JANOCHA
1448,655872,CNA,LORINA DIKE
1449,655873,NURSE,TRENTON HOPFENSPERGER
1450,655874,NURSE,TOM VASEY
1451,655875,NURSE,VEOLA STACKHOUSE
1452,655876,PHARMACSTA,BERRY LESSMANN
1453,655877,NURSE,STORMY STOMMES
1454,655878,NURSE,KAMILAH SWIGART
1455,655879,NURSE,MORRIS WILBER
1456,655880,ANESTHESIA,FRIEDA FONTILLAS
1457,655881,NURSE,TIFFANIE TAGUPA
1458,655882,NURSE,LEEANN KOTERAS
1459,655883,NURSE,GEORGIA MARK
1460,655884,NURSE,VALERI BRZOSKA
1461,655885,NURSE,MAYOLA GRANNEMAN
1462,655886,NURSE,ELIZA STEITZ
1463,655887,NURSE,HOBERT HANSROTE
1464,655888,NURSE,YELENA WESSELL
1465,655889,NURSE,RAYMUNDO CALIZO
1466,655890,,ROSELLA KIESSLING
1467,655891,NURSE,LIZETH SPLONSKOWSKI
1468,655892,NURSE,ROSELYN KEA
1469,655893,NURSE,LUBA HUSK
1470,655894,NURSE,MILFORD RELIFORD
1471,655895,NURSE,KRYSTAL POPLAR
1472,655896,NURSE,CHRISTENA MORNINGSTAR
1473,655897,NURSE,GLORIA URQUHART
1474,655898,NURSE,CHARLINE ROTHENBERG
1475,655899,NURSE,LUANN CORA
1476,655900,NURSE,THADDEUS SABE
1477,655901,NURSE,LILLIANA WASCO
1478,655902,NURSE,NANNETTE KOHLMYER
1479,655903,NURSE,SUNNY KLEINSCHMIDT
1480,655904,NURSE,LARISA MUMAUGH
1481,655905,CNA,VERSIE LANDAKER
1482,655906,NURSE,ROSANNE BURKS
1483,655907,PHARMTECHA,PARKER ROBILLARD
1484,655908,NURSE,ABRAM SOUTHERS
1485,655909,NURSE,SHELLI PASLEY
1486,655910,PHARMTECHA,ALEIDA NOTH
1487,655911,NURSE,BUSTER GRANNEMAN
1488,655912,NURSE,EMMANUEL BONUS
1489,655913,NURSE,DEON FOSMIRE
1490,655914,NURSE,YVETTE OCHOCKI
1491,655915,NURSE,GINNY CHEIRS
1492,655916,NURSE,NA RAMUNDO
1493,655917,NURSE,BUDDY LEIFER
1494,655918,NURSE,AURELIA BRESKE
1495,655919,NURSE,MICHAEL HOELLWARTH
1496,655920,NURSE,WARD LININGER
1497,655921,NURSE,ANNIE VERKAMP
1498,655922,NURSE,SIDNEY HAARSTAD
1499,655923,NURSE,LATESHA FUEHRER
1500,655924,NURSE,JONIE SPEAKE
1501,655925,NURSE,BELEN PARIDO
1502,655926,NURSE,CEDRIC JENCK
1503,655927,NURSE,LUIGI CABAN
1504,655928,NURSE,ANDERSON HAHNE
1505,655929,NURSE,MABLE DEGOOYER
1506,655930,NURSE,ANIKA DEMAY
1507,655931,NURSE,VICTORIA COREIL
1508,655932,NURSE,CARMON LOCASCIO
1509,655933,NURSE,KAROLYN ESHBAUGH
1510,655934,NURSE,SANDEE OSBY
1511,655935,NURSE,DALLAS SAMAY
1512,655936,NURSE,SHANDA TAVORN
1513,655937,NURSE,RANDOLPH WEGE
1514,655938,NURSE,LELA JUGO
1515,655939,NURSE,ALTHA STAGOWSKI
1516,655940,PHARMTECHA,CLARA MELING
1517,655941,NURSE,ADOLFO DRUMMONDS
1518,655942,NURSE,EARL DICHIARO
1519,655943,NURSE,DEADRA CUVA
1520,655944,NURSE,STELLA LENEAU
1521,655945,NURSE,RHEBA BARASH
1522,655946,NURSE,CLEMENT NIGHTLINGER
1523,655947,NURSE,RHEA ROWLING
1524,655948,NURSE,LIN AALUND
1525,655949,NURSE,RALPH GEOFFROY
1526,655950,NURSE,THERESSA COMAR
1527,655951,NURSE,ANNAMARIE CARRIZAL
1528,655952,NURSE,GIGI HETZLER
1529,655953,NURSE,CAMMIE BOTZ
1530,655954,NURSE,JESENIA MASSARELLI
1531,655955,NURSE,SHENIKA KIDDLE
1532,655956,NURSE,PERCY GALASSI
1533,655957,NURSE,DAVE GROSJEAN
1534,655958,NURSE,RHODA DEMSEY
1535,655959,PHARMACSTA,DENNISE PERONA
1536,655960,NURSE,BRYCE BIRLEY
1537,655961,NURSE,BRITTANIE GARRIOTT
1538,655962,NURSE,ERNESTINE REES
1539,655963,NURSE,LEIDA LABAT
1540,655964,CNA,DOMINIC BISCHOF
1541,655965,NURSE,SHARYL DURKEE
1542,655966,NURSE,CHARISE KNEWTSON
1543,655967,NURSE,BERNICE MCENENY
1544,655968,NURSEB,ROSENA SCHAUMBURG
1545,655969,NURSE,NUMBERS MESTA
1546,655970,NURSE,MAGAN NOY
1547,655971,NURSE,HORTENCIA GOARD
1548,655972,NURSE,DONTE SPYIES
1549,655973,NURSE,MAY CRONAUER
1550,655974,NURSE,ALI SONNEBORN
1551,655975,NURSE,MARI BLY
1552,655976,NURSE,CHARLYN ACEVADO
1553,655977,NURSE,EUNA BLOMBERG
1554,655978,NURSE,ISAIAH DENIKEN
1555,655979,NURSE,MUI WOODROW
1556,655980,NURSE,KAYE LOMINO
1557,655981,NURSE,ALLISON ADKIN
1558,655982,NURSE,ANASTASIA BURGOON
1559,655983,NURSE,WILBER CHAPPIE
1560,655984,NURSE,MADALINE BUECKERS
1561,655985,NURSE,BEATRIZ KELLER
1562,655986,NURSE,COLLETTE BARTL
1563,655987,NURSE,MARCELENE MIRAMONTES
1564,655988,NURSE,SANTA STREETT
1565,655989,NURSE,SHENA QUICKSALL
1566,655990,NURSE,FELICIDAD KARPIN
1567,655991,NURSE,HERMINE SEEHAFER
1568,655992,NURSE,LISE KENNEMER
1569,655993,NURSE,MARYJANE KRYSTOFIAK
1570,655994,NURSE,JESUS TEKELL
1571,655995,NURSE,ISRAEL NGIN
1572,655996,NURSE,ROSELEE HUCKEBA
1573,655997,NURSE,JORDAN DEBORDE
1574,655998,NURSE,KIETH MCELPRAUG
1575,655999,NURSE,BRITANY MALINCHALK
1576,656000,NURSE,KARA ENGLEBRECHT
1577,656001,NURSE,JARRED HNAT
1578,656002,NURSE,TERRELL OTTOMANIELLO
1579,656003,NURSE,TASHIA FINCO
1580,656004,NURSE,ISABELL EARNSHAW
1581,656005,NURSE,DARBY SCHRUNK
1582,656006,NURSE,CORINNA MAMMANO
1583,656007,NURSE,QUEEN BUKRIM
1584,656008,NURSE,RUTHA SOKOLSKY
1585,656009,NURSE,ULRIKE RUNDALL
1586,656010,NURSE,AVIS MCLAWS
1587,656011,NURSEB,KAYE SHORTT
1588,656012,NURSE,JOSUE LAPLANTE
1589,656013,NURSE,JESUSA MABBOTT
1590,656014,NURSE,REBBECCA JUNOR
1591,656015,NURSE,SAUNDRA RISCEN
1592,656016,NURSE,PEARLENE WOESSNER
1593,656017,NURSE,DIAMOND PERRICONE
1594,656018,NURSE,ANTIONETTE WILDERMAN
1595,656019,NURSE,NOEL WITWER
1596,656020,NURSE,THEDA RIGGAN
1597,656021,NURSE,BRITANY MUMBY
1598,656022,NURSE,BEAU PASHAL
1599,656023,NURSE,MIREYA WYER
1600,656024,NURSE,KELLEY HASBERRY
1601,656025,NURSE,SUMMER VERRELL
1602,656026,NURSE,MONTE PROFANCIK
1603,656027,NURSE,LASHUNDA WEILAND
1604,656028,NURSE,ENDA WALLETT
1605,656029,NURSE,PHIL HARTERT
1606,656030,NURSE,RICHIE PASSMAN
1607,656031,NURSE,ALVARO ASAKURA
1608,656032,NURSE,ORVAL HEADMAN
1609,656033,NURSE,TAWANA HOLZ
1610,656034,NURSE,EMELINE DAISLEY
1611,656035,NURSE,JULIA GUEDEA
1612,656036,NURSE,LILLI KRANZ
1613,656037,NURSE,ALONZO DUNNEGAN
1614,656038,NURSE,EUNICE VALLOTTON
1615,656039,NURSE,JENETTE MAISCH
1616,656040,NURSE,KERMIT BERTOT
1617,656041,NURSE,BRIGID SCHLAPPI
1618,656042,NURSE,RETHA TORINA
1619,656043,NURSE,MADGE HOLTKAMP
1620,656044,NURSE,JUDIE BOHLSEN
1621,656045,NURSE,DAYSI SLICE
1622,656046,NURSE,HOLLIS VANVEEN
1623,656047,NURSE,NUBIA MEEK
1624,656048,NURSE,JON DAE
1625,656049,NURSE,DAMON SCHILL
1626,656050,NURSE,WALTON MOULTHROP
1627,656051,TECH,PERLA ASARO
1628,656053,TECH,Tech Test
1629,656054,TECH,omrp
1630,656055,TECH,John Doe
1631,656056,TECH,John Doe
